"num";"region";"country"
"1";"AUSTRIA";"YES"
"2";"BOŚNIA I HERCEGOWINA";"YES"
"3";"BUŁGARIA";"YES"
"5";"CHORWACJA";"YES"
"6";"CYPR";"YES"
"8";"CZARNOGORA";"YES"
"9";"CZECHY";"YES"
"10";"DOMINIKANA";"YES"
"11";"EGIPT";"YES"
"13";"FRANCJA";"YES"
"14";"GRECJA";"YES"
"15";"HISZPANIA";"YES"
"18";"JAMAJKA";"YES"
"19";"KENIA";"YES"
"21";"KUBA";"YES"
"22";"LITWA";"YES"
"24";"MALEDIWY";"YES"
"26";"MALTA";"YES"
"27";"MAROKO";"YES"
"28";"MAURITIUS";"YES"
"29";"MEKSYK";"YES"
"31";"PORTUGALIA";"YES"
"32";"RUMUNIA";"YES"
"34";"SINGAPUR";"YES"
"36";"SRI LANKA";"YES"
"38";"TUNEZJA";"YES"
"39";"TURCJA";"YES"
"40";"UKRAINA";"YES"
"41";"WĘGRY";"YES"
"42";"WENEZUELA";"YES"
"44";"WŁOCHY";"YES"
"47";"BRAZYLIA";"YES"
"49";"TAJLANDIA";"YES"
"50";"BIRMA";"YES"
"51";"KAMBODZA";"YES"
"54";"ISRAEL";"YES"
"55";"JORDANIA";"YES"
"56";"DANIA";"YES"
"58";"NIEMCY";"YES"
"59";"POLSKA";"YES"
"61";"SŁOWACJA";"YES"
"62";"SZWAJCARIA";"YES"
"64";"SENEGAL";"YES"
"65";"ESTONIA";"YES"
"67";"ROSJA";"YES"
"197";"CHINY";"YES"
"243";"INDIE";"YES"
"244";"PERU";"YES"
"248";"JAPONIA";"YES"
"263";"SŁOWENIA";"YES"
"284";"HOLANDIA";"YES"
"285";"BELGIA";"YES"
"286";"ISLANDIA";"YES"
"288";"ANGLIA";"YES"
"290";"SZKOCJA";"YES"
"291";"IRLANDIA";"YES"
"370";"GAMBIA";"YES"
"372";"EMIRATY ARABSKIE";"YES"
"411";"AUSTRALIA";"YES"
"412";"ETIOPIA";"YES"
"413";"INDONEZJA";"YES"
"414";"KANADA";"YES"
"415";"KOREA POŁUDNIOWA";"YES"
"416";"KOSTARYKA";"YES"
"417";"NOWA ZELANDIA";"YES"
"418";"ZAMBIA";"YES"
"421";"MAROCCO";"YES"
"448";"ANDORA";"YES"
"772";"PLAYA PARAISO";"YES"
"776";"PUERTO RICO";"YES"
"801";"REPUBLIKA ZIELONEGO PRZYLĄDKA";"YES"
"2187";"FINLANDIA";"YES"
"2285";"ARGENTYNA";"YES"
"2391";"NORWEGIA";"YES"
"2499";"CHILE";"YES"
"2500";"PANAMA";"YES"
"2501";"REUNION";"YES"
"2598";"REPUBLIKA POŁUDNIOWEJ AFRYKI";"YES"
"2599";"MALEZJA";"YES"
"2602";"NAMIBIA";"YES"
"2603";"FILIPINY";"YES"
"2607";"MADAGASKAR";"YES"
"2925";"SESZELE";"YES"
"2988";"POLINEZJA FRANCUSKA";"YES"
"2989";"TANZANIA";"YES"
"2991";"SZWECJA";"YES"
"3012";"BERMUDY";"YES"
"3018";"BAHAMY";"YES"
"3020";"KOLUMBIA";"YES"
"3022";"KARAIBY";"YES"
"3025";"BOTSWANA";"YES"
"3026";"ANTARKTYDA";"YES"
"3027";"IRAN";"YES"
"3028";"NEPAL";"YES"
"3029";"UGANDA";"YES"
"3030";"WIETNAM";"YES"
"3225";"MALAWI";"YES"
"3247";"MOZAMBIK";"YES"
"3248";"KAZACHSTAN";"YES"
"3269";"ALBANIA";"YES"
"3294";"WYSPY COOKA";"YES"
"3295";"EKWADOR";"YES"
"3329";"GWATEMALA";"YES"
"3414";"SERBIA";"YES"
"3443";"ARMENIA";"YES"
"3444";"MALI";"YES"
"3488";"BHUTAN";"YES"
"3500";"LIECHTENSTEIN";"YES"
"3629";"STANY ZJEDNOCZONE";"YES"
"3647";"UZBEKISTAN";"YES"
"3693";"REJS";"YES"
"3911";"LIBAN";"YES"
"3914";"RWANDA";"YES"
"4219";"GRUZJA";"YES"
"4221";"FIJI";"YES"
"4517";"BOLIWIA";"YES"
"4534";"OMAN";"YES"
"4599";"ALGIERIA";"YES"
"5683";"KORFU";"YES"
"5764";"MACEDONIA";"YES"
"5767";"BIAŁORUŚ";"YES"
"5786";"GHANA";"YES"
"5787";"KAMERUN";"YES"
"5788";"JEMEN";"YES"
"5789";"KONGO DEMOKRATYCZNE";"YES"
"5796";"KOREAŃSKA REPUBLIKA LUDOWA";"YES"
"5821";"MAURETANIA";"YES"
"5822";"ZIMBABWE";"YES"
"5831";"LUKSEMBURG";"YES"
"6098";"BELIZE";"YES"
"6121";"ŁOTWA";"YES"
"6193";"PHI PHI ISLAND";"YES"
"6204";"LANZAROTE";"YES"
"6217";"EMILIA ROMAGNA";"YES"
"7191";"BONIFACIO";"YES"
"7201";"SOLENZARA";"YES"
"7451";"BADALONA";"YES"
"7562";"COSTA TEGUISE";"YES"
"7563";"PUERTO DEL CARMEN";"YES"
"7565";"PLAYA BLANCA";"YES"
"7684";"CALVI";"YES"
"7687";"PORTO";"YES"
"7771";"SAN DONATO IN FRONZANO";"YES"
"7822";"COGOLETO";"YES"
"8320";"LUCCA";"YES"
"8325";"IMPRUNETA";"YES"
"8789";"DESENZANO";"YES"
"8917";"NORTH MALE ATOLL";"YES"
"8938";"MEEMU ATOLL";"YES"
"9184";"CASTIGLIONCELLO";"YES"
"9206";"SYDNEY";"YES"
"10829";"MAGLIANO IN TOSCANA (GR.)";"YES"
"37863";"TRYNIDAD I TOBAGO";"YES"
"38441";"KATAR";"YES"
"38464";"SUAZI";"YES"
"38527";"TAJWAN";"YES"
"38531";"SURINAM";"YES"
"38657";"WYSPY MARSHALLA";"YES"
"38679";"BITEZ";"YES"
"38688";"PORTO VECCHIO CEDEX";"YES"
"38720";"WALIA";"YES"
"38721";"IRLANDIA PÓ?NOCNA";"YES"
"38797";"KSI?STWO MONAKO";"YES"
"39157";"RUSSIA";"YES"
"39164";"REPUBBLICA CECA";"YES"
"39166";"SPAGNA";"YES"
"39168";"GRAN BRETAGNA";"YES"
"39172";"PAESI BASSI";"YES"
"39174";"SLOVACCHIA";"YES"
"39175";"TURCHIA";"YES"
"39549";"INDONESIA";"YES"
"40041";"NOWA KALEDONIA";"YES"
"40523";"RPA (+ WYCIECZKA DO SUAZI)";"YES"
"40950";"WLOCHY-VAL DI FASSA";"YES"
"41123";"MONTENERO (LI)";"YES"
"41128";"AUSTRIA-SŁOWENIA-CHO";"YES"
"41134";"ETIOPIA ( PÓŁNOC I POŁUDNIE )";"YES"
"41135";"ETIOPIA - SZLAK HISTORYCZNY";"YES"
"41145";"MEKSYK-WYPOCZYNEK W ACAPULCO";"YES"
"41160";"MESSICO";"YES"
"41161";"EGITTO";"YES"
"41219";"AITUTAKI";"YES"
"41236";"ISRAELE";"YES"
"41248";"DA NEW YORK";"YES"
"41266";"LONDRA";"YES"
"41347";"ETIOPIA ( + GÓRY SEMIEN I PARK NECHISAR)";"YES"
"41444";"BITEZ-BODRUM";"YES"
"41446";"WENEZUELA (+ ARCHIPELAG LOS ROQUES)";"YES"
"1";"ABU DHABI";"NO"
"2";"AGADIR";"NO"
"3";"ALANYA";"NO"
"13";"ANDALUZJA";"NO"
"14";"ANTALYA";"NO"
"17";"AYIA NAPA";"NO"
"20";"BALI";"NO"
"21";"BANGKOK";"NO"
"23";"BELEK";"NO"
"25";"BODRUM";"NO"
"31";"CANCUN";"NO"
"39";"COSTA BRAVA";"NO"
"40";"COSTA DEL SOL";"NO"
"43";"CZECHY";"NO"
"44";"DALMACJA";"NO"
"45";"DJERBA";"NO"
"46";"DUBAJ";"NO"
"49";"FRANCJA";"NO"
"50";"FUERTEVENTURA";"NO"
"55";"GRAN CANARIA";"NO"
"57";"HAMMAMET";"NO"
"63";"HONGKONG";"NO"
"64";"HURGHADA";"NO"
"65";"ISTRIA";"NO"
"73";"KEMER";"NO"
"83";"KORFU";"NO"
"84";"KOS";"NO"
"87";"RABAT";"NO"
"89";"KRETA";"NO"
"91";"KUALA LUMPUR";"NO"
"92";"KVARNER";"NO"
"93";"LANZAROTE";"NO"
"94";"LARNAKA";"NO"
"100";"LIMASSOL";"NO"
"103";"LWOW";"NO"
"104";"MAHDIA";"NO"
"105";"MAJORKA";"NO"
"112";"MALTA";"NO"
"115";"MAURITIUS";"NO"
"117";"MONASTIR";"NO"
"119";"MONTEGO BAY";"NO"
"122";"NEUM";"NO"
"127";"PAPHOS";"NO"
"138";"PORTUGALIA";"NO"
"144";"PUERTO PLATA";"NO"
"145";"ALTAGRACIA";"NO"
"149";"RIWIERA OLIMPIJSKA";"NO"
"150";"RODOS";"NO"
"152";"SALONIKI";"NO"
"154";"SHARM EL SHEIKH";"NO"
"156";"SIDE";"NO"
"168";"PORT EL KANTAOUI";"NO"
"175";"SYCYLIA";"NO"
"176";"TENERYFA";"NO"
"177";"THASSOS";"NO"
"179";"TUNIS";"NO"
"182";"VARADERO";"NO"
"187";"WIEDEŃ I OKOLICE";"NO"
"191";"ZŁOTE PIASKI";"NO"
"193";"DAHAB";"NO"
"196";"MARMARIS";"NO"
"200";"SŁONECZNY BRZEG";"NO"
"203";"TABA";"NO"
"205";"WYBRZEŻE POŁUDNIOWE";"NO"
"228";"MARSA ALAM";"NO"
"615";"POMORZE";"NO"
"713";"PLAYA PARAISO";"NO"
"724";"NEGRIL";"NO"
"727";"PLAYA DEL CARMEN";"NO"
"837";"SOFIA";"NO"
"918";"PLAYA BLANCA";"NO"
"927";"PUERTO DEL CARMEN";"NO"
"950";"KARYNTIA";"NO"
"957";"WILNO";"NO"
"1066";"ZAKYNTHOS";"NO"
"1084";"NISKIE TATRY";"NO"
"1090";"POLSKA";"NO"
"1102";"WALLIS";"NO"
"1104";"WYSOKIE TATRY";"NO"
"1109";"BALATON";"NO"
"1139";"COSTA DE LA LUZ";"NO"
"1143";"MAROKO";"NO"
"1201";"GRAUBUNDEN";"NO"
"1208";"TYROL";"NO"
"1210";"WYSPA HVAR";"NO"
"1212";"WYSPA KRK";"NO"
"1213";"WYSPA PAG";"NO"
"1219";"LOMBARDIA";"NO"
"1220";"PIEMONT";"NO"
"1223";"RIWIERA ADRIATYCKA";"NO"
"1227";"TRENTINO";"NO"
"1235";"WYSPA KORCULA";"NO"
"1247";"WYSPA RAB";"NO"
"1259";"TOSKANIA";"NO"
"1260";"VENETO";"NO"
"1273";"SARDYNIA";"NO"
"1274";"JEZIORO GARDA";"NO"
"1279";"KALABRIA";"NO"
"1304";"WYBRZEŻE PÓŁNOCNE";"NO"
"1321";"ALGARVE";"NO"
"1324";"CHALKIDIKI";"NO"
"1332";"RIWIERA TURECKA";"NO"
"1356";"MARCHE";"NO"
"1373";"FORTALEZA";"NO"
"1389";"WŁOCHY";"NO"
"1402";"BERLIN";"NO"
"1406";"AUSTRIA";"NO"
"1411";"";"NO"
"1421";"DALAMAN";"NO"
"1424";"SANTO DOMINGO";"NO"
"1447";"ALPY FRANCUSKIE";"NO"
"1448";"ATENY";"NO"
"1450";"RZYM";"NO"
"1451";"AMSTERDAM";"NO"
"1454";"BRUKSELA";"NO"
"1458";"KUSADASI";"NO"
"1463";"BUDAPESZT";"NO"
"1474";"BARCELONA";"NO"
"1475";"PIRENEJE";"NO"
"1478";"LONDYN";"NO"
"1479";"EDYNBURG";"NO"
"1491";"LIZBONA";"NO"
"1492";"MADRYT";"NO"
"1493";"PELOPONEZ";"NO"
"1494";"UMBRIA";"NO"
"1496";"DUBLIN";"NO"
"1499";"RIWIERA CZARNOGORSKA";"NO"
"1507";"NEAPOL";"NO"
"1538";"WYSPA BRAC";"NO"
"1539";"WYSPA MURTER";"NO"
"1554";"DRAMALJ";"NO"
"1597";"WENECJA";"NO"
"1677";"DESENZANO";"NO"
"1682";"WYSPA UGLJAN";"NO"
"1716";"CHORWACJA ŚRODKOWA";"NO"
"1717";"CZECHY RODKOWE";"NO"
"1720";"WĘGRY RODKOWE";"NO"
"1740";"KAMPANIA";"NO"
"1748";"DALMACJA PÓŁNOCNA";"NO"
"1749";"DALMACJA POŁUDNIOWA";"NO"
"1753";"SŁOWENIA";"NO"
"1772";"ABRUZJA";"NO"
"1776";"MADERA";"NO"
"1792";"AGIOS SOSTIS";"NO"
"1799";"PARYŻ";"NO"
"1845";"AMMAN";"NO"
"1857";"BRATYSŁAWA";"NO"
"1858";"LAZIO";"NO"
"1859";"RIWIERA SŁOWEŃSKA";"NO"
"2010";"ERMONES";"NO"
"2057";"KATALONIA";"NO"
"2059";"APULIA";"NO"
"2063";"COSTA BLANCA";"NO"
"2064";"COSTA DORADO";"NO"
"2065";"HAWANA";"NO"
"2066";"LAZUROWE WYBRZEŻE";"NO"
"2068";"WYBRZEŻE MORZA CZARNEGO";"NO"
"2070";"WYSPY KANARYJSKIE";"NO"
"2144";"ARUBA";"NO"
"2148";"MEXICO CITY";"NO"
"2160";"FUJAIRAH";"NO"
"2170";"RAS AL KHAIMAH";"NO"
"2186";"HELSINKI";"NO"
"2197";"PRAGA";"NO"
"2292";"GÓRNA AUSTRIA";"NO"
"2301";"WYSPA DUGI";"NO"
"2302";"EVIA";"NO"
"2313";"MORZE MARTWE";"NO"
"2318";"DOLNA AUSTRIA";"NO"
"2320";"STYRIA";"NO"
"2338";"GALICJA";"NO"
"2345";"KARAIBY";"NO"
"2347";"RIWIERA MEKSYKANSKA";"NO"
"2358";"WYBRZEŻE LIGURYJSKIE";"NO"
"2366";"SŁOWENIA ŚRODKOWA";"NO"
"2375";"JEROZOLIMA";"NO"
"2377";"WYSPA CRES";"NO"
"2390";"NORWEGIA";"NO"
"2422";"WYSPA MLJET";"NO"
"2435";"ADRIATYK";"NO"
"2436";"COSTA AZAHAR";"NO"
"2442";"BESKIDY";"NO"
"2444";"MORZE BAŁTYCKIE";"NO"
"2448";"GARGANO";"NO"
"2506";"REUNION";"NO"
"2507";"ACAPULCO";"NO"
"2508";"PUERTO VALLARTA";"NO"
"2510";"WYSPA MARGARITA";"NO"
"2519";"SAO PAULO";"NO"
"2522";"AZJA";"NO"
"2528";"SHARJAH";"NO"
"2531";"WARSZAWA";"NO"
"2541";"GOA";"NO"
"2544";"BUENOS AIRES";"NO"
"2546";"NOWY JORK";"NO"
"2548";"PODLASIE";"NO"
"2553";"ALASKA";"NO"
"2555";"OCEAN SPOKOJNY";"NO"
"2585";"BITEZ";"NO"
"2618";"KUJAWY";"NO"
"2624";"IBIZA";"NO"
"2625";"LA PALMA";"NO"
"2626";"MAŁOPOLSKA";"NO"
"2631";"MORZE CZERWONE";"NO"
"2635";"LA GOMERA";"NO"
"2653";"WYBRZEŻE LIZBOŃSKIE";"NO"
"2695";"TATRY";"NO"
"2697";"DOLINA AOSTY";"NO"
"2718";"VORARLBERG";"NO"
"2729";"JOHANNESBURG";"NO"
"2731";"FLORYDA";"NO"
"2732";"HAWAJE";"NO"
"2733";"KALIFORNIA";"NO"
"2735";"MASSACHUSETTS";"NO"
"2741";"CZECHY POŁUDNIOWE";"NO"
"2784";"NAIROBI";"NO"
"2788";"KAPSZTAD";"NO"
"2789";"TEL AVIV";"NO"
"2819";"PEKIN";"NO"
"2834";"SAN JOSE";"NO"
"2855";"PIENINY";"NO"
"2879";"MEDIOLAN";"NO"
"2893";"SAMANA";"NO"
"2910";"ZANZIBAR";"NO"
"2925";"SEYCHELLES";"NO"
"2954";"GUANACASTE";"NO"
"2969";"RIO DE JANEIRO";"NO"
"2972";"MORAWY";"NO"
"2978";"KRYM";"NO"
"2980";"SANTORINI";"NO"
"2998";"RUDAWY";"NO"
"3000";"SZUMAWY";"NO"
"3009";"KANAŁ PANAMSKI";"NO"
"3010";"MORZE SRODZIEMNE";"NO"
"3032";"WARMIA I MAZURY";"NO"
"3048";"AMERYKA POLUDNIOWA";"NO"
"3049";"EUROPA POŁNOCNA";"NO"
"3065";"FIORDY NORWESKIE";"NO"
"3075";"WYCIECZKA OBJAZDOWA";"NO"
"3085";"SINGAPUR";"NO"
"3114";"BARBADOS";"NO"
"3116";"BONAIRE";"NO"
"3117";"CURACAO";"NO"
"3121";"ST. LUCIA";"NO"
"3129";"ANTIGUA";"NO"
"3137";"AUSTRALIA I NOWA ZELANDIA";"NO"
"3140";"TANZANIA";"NO"
"3155";"TRANSATLANTYK";"NO"
"3160";"CANBERRA";"NO"
"3167";"SYDNEY";"NO"
"3226";"NAMIBIA";"NO"
"3272";"EPIRUS";"NO"
"3291";"AZORY";"NO"
"3293";"DOLNA SAKSONIA";"NO"
"3295";"JUKATAN";"NO"
"3297";"BORNEO";"NO"
"3320";"KARAIBY WSCHODNIE";"NO"
"3326";"ISTAMBUŁ";"NO"
"3328";"SEUL";"NO"
"3332";"TAHITI";"NO"
"3334";"WIELKA FATRA";"NO"
"3339";"TRNAWA";"NO"
"3343";"BAWARIA";"NO"
"3344";"ATTYKA";"NO"
"3369";"WYSPA COCHE";"NO"
"3377";"BORA BORA";"NO"
"3380";"NICEA";"NO"
"3382";"HAINAN";"NO"
"3386";"KARAIBY POŁUDNIOWE";"NO"
"3389";"WĘGRY PÓŁNOCNE";"NO"
"3390";"BRANDENBURGIA";"NO"
"3395";"FINLANDIA";"NO"
"3404";"BAHIA";"NO"
"3410";"INNE";"NO"
"3412";"SAKSONIA";"NO"
"3431";"SZANGHAJ";"NO"
"3443";"EJLAT";"NO"
"3474";"ALASKA I KANADA";"NO"
"3484";"OSLO";"NO"
"3485";"KOPENHAGA";"NO"
"3486";"SZTOKHOLM";"NO"
"3492";"ALPY SŁOWEŃSKIE";"NO"
"3534";"MENORCA";"NO"
"3544";"PORTO";"NO"
"3555";"SAL";"NO"
"3577";"BADEN";"NO"
"3600";"CZESKIE KARKONOSZE";"NO"
"3604";"ZATOKA BISKAJSKA";"NO"
"3634";"AUSTRALIA POŁUDNIOWA";"NO"
"3635";"AUSTRALIA ZACHODNIA";"NO"
"3637";"NOWA POŁUDNIOWA WALIA";"NO"
"3638";"QUEENSLAND";"NO"
"3639";"TASMANIA";"NO"
"3640";"TERYTORIUM PÓŁNOCNE";"NO"
"3641";"VICTORIA";"NO"
"3648";"TROPICAL ISLANDS";"NO"
"3652";"DOLNY ŚLŠSK";"NO"
"3653";"ŚRODKOWA JUTLANDIA";"NO"
"3676";"FIORDY I NORDKAPP";"NO"
"3699";"CESME";"NO"
"3700";"MINORKA";"NO"
"3720";"ALPY BAWARSKIE";"NO"
"3750";"WYSPA ELBA";"NO"
"3758";"PODKARPACIE";"NO"
"3761";"KANADA I NOWA ANGLIA";"NO"
"3762";"NATAL";"NO"
"3769";"BRETANIA";"NO"
"3777";"REYKJAVIK";"NO"
"3781";"SUDETY";"NO"
"3783";"SANKT PETERSBURG";"NO"
"3785";"BIESZCZADY";"NO"
"3808";"POMORZE ZACHODNIE";"NO"
"3809";"JEZIORO COMER";"NO"
"3810";"JEZIORO ISEO";"NO"
"3868";"MONAKO";"NO"
"3874";"COSTA VERDE";"NO"
"3941";"HOLGUIN";"NO"
"3973";"KARLOVE VARY";"NO"
"3974";"RIVIERA MAYA";"NO"
"3985";"CZESKA SZWAJCARIA";"NO"
"3989";"JESENIKI";"NO"
"4014";"MEKLEMBURGIA";"NO"
"4023";"BESKIDY SŁOWACKIE";"NO"
"4026";"ZIEMIA SALZBURSKA";"NO"
"4028";"MAŁA FATRA";"NO"
"4034";"OCEAN INDYJSKI";"NO"
"4100";"WYSPA MALTA";"NO"
"4103";"WYSPA GOZO";"NO"
"4104";"ZACHODNIA PROWINCJA";"NO"
"4105";"POŁUDNIOWA PROWINCJA";"NO"
"4110";"MOSKWA";"NO"
"4117";"CIEGO DE AVILA";"NO"
"4126";"DISCOVERY BAY";"NO"
"4130";"WYSPA MAHE";"NO"
"4131";"WYSPA SILHOUETTE";"NO"
"4132";"VISAYAS";"NO"
"4133";"WYSPA PRASLIN";"NO"
"4135";"WYSPA LA DIGUE";"NO"
"4136";"PUNTARENAS";"NO"
"4137";"MOOREA-MAIAO";"NO"
"4147";"AITUTAKI";"NO"
"4150";"PANAMA PÓŁNOCNA";"NO"
"4151";"PANAMA POŁUDNIOWA";"NO"
"4153";"RAROTONGA";"NO"
"4164";"GÓRY IZERSKIE";"NO"
"4180";"ZATOKA AKABA";"NO"
"4183";"BERNER OBERLAND";"NO"
"4185";"CENTRALNA SZWAJCARIA";"NO"
"4186";"TESSIN";"NO"
"4187";"VALLNORD";"NO"
"4210";"LAPONIA";"NO"
"4228";"ORAWA";"NO"
"4231";"CENTRALNA SŁOWACJA";"NO"
"4232";"MARRAKESZ";"NO"
"4235";"NADDUNAJSKA DOLINA";"NO"
"4248";"BAND?UL";"NO"
"4249";"BORNHOLM";"NO"
"4259";"MAIN ISLAND";"NO"
"4260";"NEW PROVIDENCE";"NO"
"4261";"TUAMOTU";"NO"
"4263";"KIJÓW";"NO"
"4264";"BUKOWINA";"NO"
"4266";"GWADELUPA";"NO"
"4268";"TAHAA";"NO"
"4269";"MAUPITI";"NO"
"4270";"HUAHINE";"NO"
"4271";"RAIATEA";"NO"
"4277";"RIWIERA ALBAŃSKA";"NO"
"4281";"COSTA DE ALMERIA";"NO"
"4289";"JAWORNIKY";"NO"
"4317";"SAN JUAN";"NO"
"4319";"DAKAR";"NO"
"4331";"PŁN. - ZACH. PROWINCJA";"NO"
"4336";"POIANA BRASOV";"NO"
"4388";"GRECJA ŚRODKOWA";"NO"
"4389";"WÖRTHERSEE";"NO"
"4450";"DANIA POŁUDNIOWA";"NO"
"4452";"ZELANDIA";"NO"
"4473";"PORTO SANTO";"NO"
"4483";"NORMANDIA";"NO"
"4520";"EUROPA ZACHODNIA";"NO"
"4531";"LUZON";"NO"
"4538";"KAIR";"NO"
"4545";"ATOL ADDU";"NO"
"4583";"PÓŁWYSEP MALAJSKI";"NO"
"4584";"MASKAT";"NO"
"4585";"MUSANDAM";"NO"
"4586";"KRONPLATZ";"NO"
"4595";"EUROPA ŚRODKOWA";"NO"
"4597";"WYSPA LASTOVO";"NO"
"4602";"APENINY PÓŁNOCNE";"NO"
"4610";"LUBELSKIE";"NO"
"5690";"TALLIN";"NO"
"5696";"ZURYCH";"NO"
"5697";"MALE ATOL";"NO"
"5698";"ARI ATOL";"NO"
"5705";"RASDHOO ATOL";"NO"
"5706";"LHAVIYANI ATOL";"NO"
"5707";"BAA ATOL";"NO"
"5711";"RAA ATOL";"NO"
"5720";"ANGLIA PŁD. - WSCH.";"NO"
"5736";"WIELKOPOLSKA";"NO"
"5740";"ŚWIĘTOKRZYSKIE";"NO"
"5741";"MAZOWSZE";"NO"
"5743";"KORSYKA";"NO"
"5744";"HAA ALIF";"NO"
"5746";"SŁOWACKI RAJ";"NO"
"5768";"MIŃSK";"NO"
"5798";"NADRENIA";"NO"
"5836";"PATTAYA";"NO"
"5855";"FLANDRIA";"NO"
"5858";"JEZIORO GENEWSKIE";"NO"
"5867";"SURSELVA";"NO"
"5873";"BELGISCH LIMBURG";"NO"
"5875";"WSCHODNIA SZWAJCARIA";"NO"
"5917";"LIMFJORDSLANDET";"NO"
"5945";"DOLINA LOARY";"NO"
"5946";"BURGUNDIA";"NO"
"5948";"ALZACJA";"NO"
"5971";"PROWANSJA";"NO"
"5985";"LEFKADA";"NO"
"6038";"ZUID-HOLLAND";"NO"
"6050";"ALENTEJO";"NO"
"6075";"CZECHY WSCHODNIE";"NO"
"6079";"CZECHY ZACHODNIE";"NO"
"6080";"CZECHY PÓŁNOCNE";"NO"
"6091";"RZYM I LACJUM";"NO"
"6099";"TYROL WSCH.";"NO"
"6107";"AMBERGRIS CAYE";"NO"
"6110";"NIEMCY PŁD.";"NO"
"6121";"TRYDENT-GÓRNA ADYGA";"NO"
"6124";"PD. WŁOCHY";"NO"
"6128";"PATAGONIA";"NO"
"6152";"MORAWY PŁN. I ŚLĄSK";"NO"
"6154";"MORAWY PŁD.";"NO"
"6158";"WYB. ADRIATYKU";"NO"
"6161";"SŁOWACJA PŁN.";"NO"
"6162";"SŁOWACJA PŁD.";"NO"
"6359";"WYSPA SOLTA";"NO"
"6530";"WSCHODNIA PROWINCJA";"NO"
"6532";"HAINAUT";"NO"
"6533";"LIMBURGIA";"NO"
"6534";"LIEGE";"NO"
"6535";"NAMUR";"NO"
"6541";"SZLEZWIK";"NO"
"6542";"ODESSA";"NO"
"6543";"JURA BERNEŃSKA";"NO"
"6549";"WYSOCZYZNA";"NO"
"6597";"PÓŁNOCNA JUTLANDIA";"NO"
"6609";"OBERLAND";"NO"
"6620";"CONNACHT";"NO"
"6627";"BANAT";"NO"
"6636";"BRAN";"NO"
"6639";"SLANIC-MOLDOVA";"NO"
"6651";"CASABLANCA";"NO"
"6719";"SAO VICENTE";"NO"
"6745";"KEFALONIA";"NO"
"6753";"LJUBLJANA";"NO"
"6778";"LA ROMANA";"NO"
"6837";"LOMBOK";"NO"
"6891";"BELFAST";"NO"
"6977";"NORWEGIA WSCHODNIA";"NO"
"7049";"DOHA";"NO"
"7139";"NEVADA";"NO"
"7141";"BONIFACIO";"NO"
"7151";"SOLENZARA";"NO"
"7276";"ARIZONA";"NO"
"7277";"UTAH";"NO"
"7354";"TULUM";"NO"
"7375";"BADALONA";"NO"
"7479";"COSTA TEGUISE";"NO"
"7583";"CALVI";"NO"
"7649";"SINAIA";"NO"
"7651";"KARPATY RUMUŃSKIE";"NO"
"7667";"SAN DONATO IN FRONZANO";"NO"
"7716";"COGOLETO";"NO"
"7718";"MARTYNIKA";"NO"
"7736";"TEXAS";"NO"
"7818";"WIELKA BAHAMA";"NO"
"7977";"CENTRALNA PROWINCJA";"NO"
"8089";"KALININGRAD";"NO"
"8112";"PO?UDNIOWA SZKOCJA";"NO"
"8184";"LUCCA";"NO"
"8189";"IMPRUNETA";"NO"
"8302";"WASHINGTON";"NO"
"8430";"ST. PETERSBURG";"NO"
"8464";"AL AIN";"NO"
"8621";"ONTARIO";"NO"
"8722";"NORTH MALE ATOLL";"NO"
"8741";"MEEMU ATOLL";"NO"
"8746";"NANTES";"NO"
"8893";"OCHO RIOS";"NO"
"8966";"CASTIGLIONCELLO";"NO"
"9078";"CACERES";"NO"
"9080";"ÁVILA";"NO"
"9497";"TOBAGO";"NO"
"9568";"QUEBECK";"NO"
"9638";"CAPRIVI";"NO"
"9764";"SAAREMAA";"NO"
"9824";"NEW YORK";"NO"
"10255";"JEREZ DE LA FRONTERA";"NO"
"10279";"LUIZJANA";"NO"
"10289";"SUR";"NO"
"10292";"WAHIBA SANDS";"NO"
"10310";"MUNSTER";"NO"
"10364";"BALNEO";"NO"
"10388";"LONDRA";"NO"
"10524";"MAGLIANO IN TOSCANA (GR.)";"NO"
"10602";"BRASOV";"NO"
"10611";"SIBIU";"NO"
"10620";"SUCEAVA";"NO"
"10650";"ORADEA";"NO"
"10670";"CARIBBEAN";"NO"
"10671";"SOUTH AMERICA";"NO"
"10673";"FAR EAST";"NO"
"10676";"GRANDVALIRA";"NO"
"10918";"LŠSKIE";"NO"
"10919";"LITWA WSCHODNIA";"NO"
"10920";"ZATOKA FIŃSKA";"NO"
"10921";"FINLANDIA ŚRODKOWA";"NO"
"10922";"LEINSTER";"NO"
"10926";"LITWA POŁUDNIOWA";"NO"
"37827";"MAHAJANGA";"NO"
"37846";"MASYW CENTRALNY";"NO"
"37847";"DIEKRICH";"NO"
"37848";"GREVENMACHER";"NO"
"37849";"HOLANDIA PÓŁNOCNA";"NO"
"37850";"POŁUDNIOWA HOLANDIA";"NO"
"37852";"PRESZÓW";"NO"
"37853";"KOSICE";"NO"
"37856";"KORNWALIA";"NO"
"37858";"ANGLIA WSCHODNIA";"NO"
"37860";"YORKSHIRE";"NO"
"37864";"MONTANHAS";"NO"
"37869";"ST. MAARTEN";"NO"
"37871";"DOLINA GARONNY";"NO"
"37873";"ANGLIA PŁD. - ZACH.";"NO"
"37875";"ANGLIA PN. - ZACH.";"NO"
"37896";"LOTARYNGIA";"NO"
"37898";"EMILIA-ROMANIA";"NO"
"37955";"KASTYLIA - LA MANCHA";"NO"
"37956";"KASTYLIA - LEON";"NO"
"37957";"ARAGONIA";"NO"
"37958";"SZAMPANIA";"NO"
"37959";"PÓŁNOCNA FRANCJA";"NO"
"37964";"BUKARESZT";"NO"
"38290";"PARAIBA";"NO"
"38295";"CARTAGO";"NO"
"38300";"KERALA";"NO"
"38301";"KOLORADO";"NO"
"38312";"PLAYA JIBACOA";"NO"
"38325";"DHOFAR";"NO"
"38336";"KO CHANG";"NO"
"38347";"SÜDAFRIKA GAUTENG";"NO"
"38349";"TRANSWAL";"NO"
"38350";"ORANIA";"NO"
"38351";"PRZYL?DEK PÓ?NOCNY";"NO"
"38352";"PRZYL?DEK WSCHODNI";"NO"
"38353";"PRZYL?DEK ZACHODNI";"NO"
"38354";"ANTWERPIA";"NO"
"38357";"ST. BARTHELEMY";"NO"
"38358";"ANGUILLA";"NO"
"38360";"POHJANMAA";"NO"
"38362";"BAZYLIKATA";"NO"
"38376";"WSCHODNIE PORTO RICO";"NO"
"38384";"PÓŁNOCNA SZWECJA";"NO"
"38385";"POŁUDNIOWA SZWECJA";"NO"
"38387";"WIRGINIA";"NO"
"38388";"PENSYLWANIA";"NO"
"38389";"OREGON";"NO"
"38390";"PÓŁNOCNA KAROLINA";"NO"
"38391";"POŁUDNIOWA KAROLINA";"NO"
"38393";"NOWY MEKSYK";"NO"
"38394";"COSTA DE PRATA";"NO"
"38396";"ESTREMADURA";"NO"
"38397";"TRANSYLVANIA";"NO"
"38402";"HESJA";"NO"
"38410";"NIKOZJA";"NO"
"38412";"ANTARKTYDA";"NO"
"38413";"KOLUMBIA BRYTYJSKA";"NO"
"38417";"PORT ANTONIO";"NO"
"38418";"LONG BAY";"NO"
"38419";"KINGSTON";"NO"
"38420";"WYSPA PÓŁNOCNA";"NO"
"38423";"TENNESSEE";"NO"
"38424";"GEORGIA";"NO"
"38425";"NILANDHE ATOL";"NO"
"38429";"BERNO";"NO"
"38430";"WYSPA POŁUDNIOWA";"NO"
"38431";"BOA VISTA";"NO"
"38433";"WASZYNGTON";"NO"
"38437";"LITWA ZACHODNIA";"NO"
"38438";"LITWA ŚRODKOWA";"NO"
"38439";"WASZYNGTON D. C.";"NO"
"38440";"PÓŁNOCNA SZKOCJA";"NO"
"38442";"MICHIGAN";"NO"
"38443";"MONTANA";"NO"
"38445";"SANTIAGO";"NO"
"38446";"RYGA";"NO"
"38447";"LIWLANDIA";"NO"
"38448";"SEMIGALIA";"NO"
"38449";"KURLANDIA";"NO"
"38450";"ŁATGALIA";"NO"
"38452";"WYBRZEŻE AZOWSKIE";"NO"
"38453";"WYSPY NORMANDZKIE";"NO"
"38454";"GRENADA";"NO"
"38455";"WYSPA FREGATE";"NO"
"38456";"FOGO";"NO"
"38457";"ALAJUELA";"NO"
"38458";"LIMON";"NO"
"38459";"HEREDIA";"NO"
"38460";"ZACHODNIE PUERTO RICO";"NO"
"38461";"MISSOURI";"NO"
"38463";"WYOMING";"NO"
"38465";"MANZINI";"NO"
"38470";"LITWA PÓŁNOCNA";"NO"
"38473";"ALBERTA";"NO"
"38475";"NORWEGIA ZACHODNIA";"NO"
"38486";"NYANZA";"NO"
"38495";"GÓRY TROODOS";"NO"
"38496";"KARAS";"NO"
"38543";"OSHANA";"NO"
"38544";"ERONGO";"NO"
"38545";"KHOMAS";"NO"
"38567";"AMERYKA PÓŁNOCNA";"NO"
"38590";"LONG ISLAND";"NO"
"38622";"KRAJ BASKÓW";"NO"
"38626";"ARDECHE/DR.ME";"NO"
"38645";"TOAMASINA";"NO"
"38664";"NEW HAMPSHIRE";"NO"
"38665";"VERMONT";"NO"
"38666";"MAINE";"NO"
"38667";"RHODE ISLAND";"NO"
"38669";"MARYLAND";"NO"
"38672";"NEW JERSEY";"NO"
"38674";"ANTSIRANANA";"NO"
"38675";"SPORADY PÓŁNOCNE";"NO"
"38689";"PORTO VECCHIO CEDEX";"NO"
"38701";"ZIELONE WYBRZE?E";"NO"
"38706";"ILLINOIS";"NO"
"38723";"PEMBROKE";"NO"
"38725";"GWYNEDD";"NO"
"38727";"ANTRIM";"NO"
"38730";"FERMANAGH";"NO"
"38732";"DOWN";"NO"
"38742";"GRENLANDIA";"NO"
"38743";"ŚRODKOWA SZWECJA";"NO"
"38744";"NORWEGIA ŚRODKOWA";"NO"
"38747";"PÓŁNOCNY IZRAEL";"NO"
"38749";"DOLINA PETRY";"NO"
"38753";"LAS CZESKI";"NO"
"38759";"CENTRALNY IZRAEL";"NO"
"38791";"KHAO LAK";"NO"
"38793";"FLORENCJA";"NO"
"38796";"WYSPY LIPARYJSKIE";"NO"
"38820";"KARPATY UKRAI?SKIE";"NO"
"38826";"DYSTRYKT LUKSEMBURG";"NO"
"38846";"AT TAFILAH";"NO"
"38847";"AL KARAK";"NO"
"38866";"DOLINA PARANY";"NO"
"38890";"YALIKAVAK-GUNDOGAN-GOLTURKBUKU";"NO"
"38898";"HIMALAJE INDYJSKIE";"NO"
"38905";"WYBRZE?E MALABARSKIE";"NO"
"38908";"LAANEMAA";"NO"
"38911";"JARVAMAA";"NO"
"38912";"UGANDI";"NO"
"38913";"VIRUMAA";"NO"
"38914";"MOHU";"NO"
"38918";"ANATOLIA WSCHODNIA";"NO"
"39008";"BURGOS";"NO"
"39051";"DURRES";"NO"
"39070";"NIZINA NADDUNAJSKA";"NO"
"39073";"PAMPOROVO";"NO"
"39074";"PIRIN";"NO"
"39105";"WITEBSKI";"NO"
"39106";"GRODZIE?SKI";"NO"
"39108";"MOHYLEWSKI";"NO"
"39109";"BRZESKI";"NO"
"39110";"HOMELSKI";"NO"
"39124";"NIZINA NADKASPIJSKA";"NO"
"39195";"WYSPA BIRD";"NO"
"39198";"WIELKI RÓW";"NO"
"39201";"WY?YNA KENIJSKA";"NO"
"39202";"TSAVO";"NO"
"39203";"WYBRZE?E MOMBASY";"NO"
"39204";"WYBRZE?E MALINDI";"NO"
"39205";"WYBRZE?E LAMU";"NO"
"39207";"PENNSYLVANIA";"NO"
"39210";"WYBRZE?E ?Ó?TE";"NO"
"39259";"TIROLO";"NO"
"39265";"VALLESE";"NO"
"39266";"ALPI VODESI";"NO"
"39267";"FRIBORGO";"NO"
"39268";"LAGO LEMANO";"NO"
"39271";"SVIZZERA CENTRALE";"NO"
"39274";"REGIONE DEL LAGO DI ZURIGO";"NO"
"39281";"VETTE DI BOEMIA E MORAVIA";"NO"
"39283";"ZLIN E DINTORNI";"NO"
"39292";"MAR BALTICO";"NO"
"39305";"SYDOSTJYLLAND";"NO"
"39312";"PAESI BASCHI";"NO"
"39330";"HÉRAULT-AUDE";"NO"
"39333";"PROVENZA";"NO"
"39334";"COSTA AZZURRA";"NO"
"39337";"DELFINATO";"NO"
"39338";"SAVOIA - ALTA SAVOIA";"NO"
"39339";"ALPI DEL SUD";"NO"
"39347";"SCOZIA";"NO"
"39352";"QUARNERO/ISOLE";"NO"
"39356";"GORSKI KOTAR E LIKA";"NO"
"39368";"LAGO DI COMO-LOMBARDIA";"NO"
"39377";"SARDEGNA";"NO"
"39382";"MASURIA";"NO"
"39385";"SLESIA";"NO"
"39394";"ZILINA E DINTORNI";"NO"
"39401";"CENTRAL WEST FLORIDA";"NO"
"39441";"SAWONIA";"NO"
"39446";"WYBRZEŻE KRASNODARSKIE";"NO"
"39447";"MA AN";"NO"
"39450";"PO?UDNIOWE PIRENEJE";"NO"
"39487";"DELTA OKAWANGO";"NO"
"39488";"CHOBE";"NO"
"39570";"LOUISIANA";"NO"
"39585";"BAJA CALIFORNIA";"NO"
"39629";"SOUTH CAROLINA";"NO"
"39633";"YUCATAN";"NO"
"39649";"NORTH CAROLINA";"NO"
"39672";"BAZYLEA";"NO"
"39715";"MARANHAO";"NO"
"39724";"WŁADYSŁAWOWO";"NO"
"39746";"WYBRZE?E HAWANY";"NO"
"39747";"ZATOKA BAFABANO";"NO"
"39749";"CAMAGUEY";"NO"
"39752";"SIERRA MAESTRA";"NO"
"39753";"ZATOKA TANGERSKA";"NO"
"39756";"ATLAS ?RODKOWY";"NO"
"39757";"ATLAS WYSOKI";"NO"
"39759";"ANTYATLAS";"NO"
"39760";"SAHARA MAROKA?SKA";"NO"
"39763";"NIZINA DAKKALA";"NO"
"39764";"SZWAJCARIA PŁD.";"NO"
"39765";"SZWAJCARIA PŁN.";"NO"
"39766";"SZWAJCARIA CENTRALNA";"NO"
"39767";"CZARNOGÓRA: REJSY WYCIECZKOWE";"NO"
"39784";"SZWAJCARIA WSCH.";"NO"
"39802";"AMAZONIA BRAZYLIJSKA";"NO"
"39804";"SERRA DO ESPINHACO";"NO"
"39806";"SERRA DO MAR";"NO"
"39808";"MATO GROSSO";"NO"
"39816";"NIZINA WO?OSKA";"NO"
"39830";"NIEMCY WSCH.";"NO"
"39942";"COLORADO";"NO"
"39943";"OHIO";"NO"
"39944";"NEW MEXICO";"NO"
"39945";"OKLAHOMA";"NO"
"39946";"ALABAMA";"NO"
"39970";"VIRGINIA";"NO"
"40066";"MAPUTO";"NO"
"40085";"WYSPA WIELKANOCNA";"NO"
"40089";"ANDY CHILIJSKIE";"NO"
"40109";"ARAD";"NO"
"40112";"IDAHO";"NO"
"40114";"OAHU";"NO"
"40115";"HAWAII";"NO"
"40133";"SOUTH DAKOTA";"NO"
"40150";"NORTH DAKOTA";"NO"
"40164";"SATU MARE";"NO"
"40248";"SIERRA MADRE DEL SUR";"NO"
"40252";"WYŻYNA MEKSYKAŃSKA";"NO"
"40277";"DOLNY EGIPT";"NO"
"40282";"ETELAE-SAVO";"NO"
"40283";"KESKI-SUOMI";"NO"
"40284";"POHJOIS-POHJANMAA KAINUU";"NO"
"40285";"HAEME PIRKANMAA";"NO"
"40286";"LAPPI";"NO"
"40288";"KYMENLAAKSO ETELAE-KARJALA";"NO"
"40289";"VARSINAIS-SUOMI SATAKUNTA";"NO"
"40357";"FERNANDO DE NORONHA";"NO"
"40371";"MOZAMBIK PO?UDNIOWY";"NO"
"40372";"TURKS & CAICOS";"NO"
"40374";"ARCHIPELAG LOS ROQUES";"NO"
"40384";"SERENGETI";"NO"
"40386";"TANZANIA CENTRALNA";"NO"
"40402";"ZAMBIA CENTRALNA";"NO"
"40410";"TSAKI BENITSES";"NO"
"40425";"AGIOS LOANNIS PARELION";"NO"
"40451";"P?ASKOWY? MATABELE";"NO"
"40547";"TRENCZYN";"NO"
"40552";"ZATOKA OMA?SKA";"NO"
"40553";"GÓRY HAJAR";"NO"
"40554";"ZATOKA MASIRAH";"NO"
"40575";"WYSPA PHU QUOC";"NO"
"40583";"WY?YNA TAY NGUYEN";"NO"
"40585";"WYBRZE?E MORZA PO?UDNIOWOCHI?SKIEGO";"NO"
"40591";"ZATOKA KYONGGI";"NO"
"40594";"WYBRZE?E MORZA JAPO?SKIEGO";"NO"
"40599";"JEJU";"NO"
"40600";"CIE?NINA KOREA?SKA";"NO"
"40623";"WYSPY LOJALNO?CI";"NO"
"40624";"WYSPA ILE DES PINS";"NO"
"40625";"NUMEA";"NO"
"40730";"VANUA LEVU";"NO"
"40733";"WYSPY LOMAIVITI";"NO"
"40735";"VITI LEVU";"NO"
"40737";"WĘGRY ZACHODNIE";"NO"
"40738";"WIELKA NIZINA W?GIERSKA";"NO"
"40809";"ŚRODKOWE PUERTO RICO";"NO"
"40847";"SANTO ANTAO";"NO"
"40942";"SENIOR - COSTA BRAVA";"NO"
"40943";"MORZE KARAIBSKIE";"NO"
"40944";"SAINT VINCENT I GRENADYNY";"NO"
"40998";"BUZAU";"NO"
"41013";"WSCHODNIE CIBAO";"NO"
"41014";"WYSPA SAONA";"NO"
"41026";"APULIEN/BASILIKATA";"NO"
"41074";"VALLE AURINA";"NO"
"41094";"GÓRY ACARAI";"NO"
"41103";"RWANDA ZACHODNIA";"NO"
"41121";"PITZ";"NO"
"41122";"VALE BREMBANA";"NO"
"41124";"MONTENERO (LI)";"NO"
"41125";"BLACK SEA";"NO"
"41126";"RISHIKESH";"NO"
"41160";"RASUN ANTERSELVA";"NO"
"41161";"MAREBBE";"NO"
"41162";"NUNGWI BEACH";"NO"
"41163";"DIANI";"NO"
"41164";"UROA";"NO"
"41169";"SAN PEDRO DE MACORIS";"NO"
"41170";"JAMAICA";"NO"
"41175";"COSTA TUNISINA";"NO"
"41179";"MAROCCO";"NO"
"41180";"MALDIVE";"NO"
"41182";"TURCHIA";"NO"
"41183";"TOUR";"NO"
"41184";"CROCIERE";"NO"
"41185";"LAS VEGAS";"NO"
"41186";"BAHAMAS";"NO"
"41187";"ISOLE VERGINI";"NO"
"41188";"MOZAMBICO";"NO"
"41189";"CITTA DEL CAPO";"NO"
"41192";"PARCO KRUGER";"NO"
"41194";"CASCATE VITTORIA";"NO"
"41195";"PARCHI DEL BOTSWANA";"NO"
"41196";"CASTAWAY";"NO"
"41197";"MATAMANOA";"NO"
"41198";"YASAWA";"NO"
"41199";"PARCHI E RISERVE";"NO"
"41200";"CHICAGO";"NO"
"41201";"BIG ISLAND";"NO"
"41204";"I PARCHI DELLO UTAH";"NO"
"41214";"MALOLO ISLAND";"NO"
"41215";"ILE DES PINES";"NO"
"41220";"TERYTORIUM POLNOCNE";"NO"
"41266";"SELOUS";"NO"
"41267";"PARCHI";"NO"
"41323";"OPORTO";"NO"
"41326";"BENI MELLAL";"NO"
"41327";"MIDELT";"NO"
"41328";"LA CORUNA";"NO"
"41329";"RUSSIA";"NO"
"41333";"ALGECIRAS";"NO"
"41334";"ALMAGRO";"NO"
"41340";"CADICE";"NO"
"41345";"ANTIGUA & BARBUDA";"NO"
"41445";"BITEZ-BODRUM";"NO"
